Translation Key,Translated Value
ammo-vog-25,VOG-25 grenade
st_letter_to_outside_name,Letter to Natalie
st_data_export_is_junk,Is junk
st_bolt_carrier_6,Sliding Bolt Carrier with Locking Bolt (Carrier)
st_data_export_ammo_types_alt,Alt. ammo
exo_merc_urban_outfit_name,Mercenary Urban Exosuit
ammo-7.92x33_ap,7.92x57 mm AP rounds
gamma_fire_wound_cap,Ballistic Cap
l13_generators,Generators
st_af_fonar_name,Lamp
st_gamma_recipe_expert_1,Survival Guide Vol. 3
st_af_dragon_eye_name,Dragon's Eye
st_data_export_post_heal_torso,Post-Heal Torso
st_rank_novice,Rookie
mutant_psysucker_meat,Psysucker Meat
st_af_frames_name,Aluminium Frames
st_data_export_bonus_mutant_part_chance,Bonus mutant part chance
st_wpn_brn180,BRN-180
st_data_export_can_be_crafted,Can be crafted
merc_coyote_outfit_name,Mercenary MTS-C Body Suit
st_af_cristall_flower_name,Stone Flower
ui_inv_outfit_additional_weight,%c[0,255,255,255]Weight Carried:
st_powder_pistol,Pistol/Shotgun Propellant
st_ration_ru,Russian IRP-B Combat Ration
st_prt_w_p_trigger_1,Single-action Trigger Mechanism (Trigger)
st_wpn_pl15_pl15_scolaz,Lebedev PL-15 "Bearcat"
mutant_heart_chimera,Chimera Heart
st_wpn_fnx45_custom,FNX-45
st_drug_booster,Hercules
merc_sun_outfit_name,"Twilight" Tactical Suit
st_grease,Industrial Grease
st_ball_hammer,Ball-peen Hammer
st_af_frames_up_name,Improved Aluminium Frames
st_gas_tube_3,Gas Tube [V] (Gas Tube)
st_prt_i_resistors,Box of Resistors
st_knife_swat,Spetsnaz Switchblade
st_af_electra_flash_name,Flash
st_glue_a,Glue Tube "Tur"
st_army_bowler,Army Kettle
mutant_lurker_eye,Lurker Eye
st_wpn_mossberg590a1,Mossberg 590A1
st_prt_w_p_barrel_6,9x18mm Barrel (enclosed) (Barrel)
light_merc_outfit_name,Mercenary IBAz Suit
ammo-5.56x45-fmj,5.56x45 mm FMJ rounds
st_itm_mapkit_8,Anomaly Map (Garbage)
st_prt_o_ballistic_4,Kevlar K129 Plates w/ Carbon-fiber Composite
l03_agroprom,Agroprom
st_prt_i_fasteners,Fasteners
st_headlamp,Broken Head Lamp
st_prt_i_plastic,Plastic Film
st_wpn_sks_b,SKS
l02_garbage,Garbage
st_prt_w_p_spring_1,9mm Recoil Spring Assembly [Soviet] (Spring)
light_freedom_outfit_name,Defender of Freedom
st_antirad_cystamine,Cystamine
st_wpn_thompson_1921,Thompson Model 1921
st_tarpaulin,Tarpaulin
st_af_plates_up_name,Improved Carbon Steel Plates
st_af_ah_o1,Magnet
st_af_ah_g2,Easy
st_wpn_bizon,PP-19 Bizon
st_wpn_k98_mod,Mauser 98k Forester mk.1
mutant_fang_psevdodog,Pseudodog Fang
st_data_export_stash_type,Stash Type
st_af_tapeworm_name,Tapeworm
st_wpn_sig550,SIG SG 550
jupiter_underground,Jupiter Underground
st_prt_o_retardant_1,Layered Fire Retardant Fabrics
ammo-12x76-bull,12x76 Bull shells
st_wpn_glock,Glock 19
monolith_outfit_name,Monolith X-18 Suit
st_hide_pseudodog_name,Pseudodog Fur
#3,#3
BR,BR
mutant_krovosos_jaw,Bloodsucker Jaw
st_wpn_sr25,SR-25
st_kukri,Kukri
mutant_pseudogigant_eye,Pseudogiant Eye
ui_inv_outfit_wound_protection,%c[0,255,255,255]Rupture Res:
st_prt_o_retardant_3,Grade-B RPVC Treated Fabrics
st_af_cell_name,Cell
stalker_proto_exo_outfit_name,"Sunrise" Exoskeleton
st_af_fuzz_kolobok_name,Kolobok
ui_inv_damage,%c[0,255,255,255]Damage:
st_sledge_hammer,Sledgehammer
st_barrel_11,9mm Barrel [AS/PP] (Barrel)
st_af_peas_name,Moon
st_hide_chimera_name,Chimera Hide
st_bolt_carrier_3,Sliding Bolt Carrier with Turning Bolt Lock [NATO] (Carrier)
st_rank_ssu,SSU
st_prt_o_retardant_9,Polymer Sheets (Mismuth-sulfate Coating)
st_af_ah_s1,Aroth-8
st_wpn_mp7,MP7
st_freedom_manual_1_of_2_name,Interrogation Techniques: The Basics (Part 1 of 2)
cs_scientific_outfit_good_name,CS-4a Pathfinder
st_wpn_benelli_m1014,M1014
merc_wolven_outfit_name,Mercenary STS-W Body Armor
trenchcoat_dolg_brown_outfit_name,Heavy Duty Overcoat
mutant_heart_bloodsucker,Bloodsucker Heart
st_antirad,Anti-radiation Drugs
st_wpn_ak74u_n1,AKS-74U
st_drink_crow,Tea "The Beak"
st_rank_sniper,Sniper squad
st_wpn_kiparis,OTs-02 Kiparis
Unknown,Unknown
st_device_torch_nv_1_name,Headlamp w/ 1PN93-1 Night Vision
csky_novice_outfit_name,Clear Sky Leather Jacket
st_glucose,Large Glucose Shot
st_prt_o_ballistic_17,Polyethylene Fiber Layers w/ Polycarbonate Inserts
novice_outfit_camo_name,Firearm Enthusiast's Jacket
st_flask,Flask (Clean Water)
stalker_drought_outfit_name,"Drought" Stalker Suit
st_af_blood_name,Stone Blood
mutant_psevdodog_meat,Pseudodog Meat
svoboda_light_proto_exo_outfit_name,Wind of Freedom Exoskeleton
ui_inv_outfit_strike_protection,%c[0,255,255,255]Impact Res:
st_wpn_ak12_mono_kit,AK-12 "Monolith's Light"
BR6,BR6
st_wpn_scar_siber_m2,FN SCAR-H "Expert Operator"
helm_spartan,Cz-M10 Spartan Helmet
st_wpn_desert_eagle_nimble,Desert Eagle "Steppe Eagle"
merc_nosorog_outfit_name,Mercenary Nosorog
st_af_kislushka_name,Sourpuss
st_bolt_10,Rotating Locking Head [8 Locks] [Ŕ] (Bolt)
st_bolt_2,Rotating Locking Head [2 Locks] [P] (Bolt)
mutant_burer_hand,Burer Hand
st_data_export_disassemble_amount,Amount
st_upgr_w_internal,Weapon Mechanism Upgrade Kit
st_af_ah_e1,Souvenir
st_data_export_stash_chance,Chance %
st_recipe_drug_4,Drug Recipe #4
st_wpn_pl15,Lebedev PL-15
st_prt_w_p_trigger_2,Double-action Trigger Mechanism (Trigger)
st_wpn_ks23_vorkuta,KS-23M "Vorkuta"
st_wpn_ksg,KSG-23
st_bolt_carrier_5,Half-free Sliding Bolt Carrier (Carrier)
st_wpn_mp153_m1,MP-153 "Carabineer"
st_wpn_svds,SVDS
ui_inv_outfit_explosion_protection,%c[0,255,255,255]Explosive Res:
gamma_wound_cap,Rupture Cap
st_af_mincer_meat_name,Meat Chunk
st_heavy_sewing_thread,Field Armor Toolkit
st_wpn_ak12_m1,AK-12
st_jgut_zhgut,Tourniquet
scientific_outfit_name,SEVA Bodysuit
st_wpn_bm16_full_alt_23,TOZ-34 "Bear"
st_gas_tube_11,Gas Tube [PP] (Gas Tube)
st_trigger_components_1,Single-mode Hammer Type Trigger (Trigger)
st_af_cocoon_name,Cocoon
st_data_export_heavy_attack_power,Heavy Attack Power
dolg_pantsir_outfit_name,PSZ-7p Shell Armor
ui_inv_outfit_chemical_burn_protection,%c[0,255,255,255]Chemical Res:
st_wpn_toz34_mark4_23,TOZ-34 "Chimera Hunter"
st_kolbasa,Doctor's Sausage
st_af_cooler_name,Body Cooler
st_device_flashlight,Flashlight
mutant_pseudogigant_hand,Pseudogiant Hand
st_wpn_sig226_226sig_kit,SIG P226R Custom
st_wpn_toz34_bull,TOZ-34 "Bull"
mutant_flesh_meat,Flesh Meat
st_jar,Plastic Jar
st_sewing_thread,Sewing Thread
st_af_compass_name,Compass
st_wpn_usp_tac45,HK USP Tactical .45 ACP
st_wpn_k98_mod_silen98,Karabiner 98k Forester mk.2
st_gas_tube_2,Handguard [R] (Gas Tube)
st_wpn_m4_butcher,M4A1 "Butcher"
st_duct_tape,Duct Tape
st_af_camelbak_name,Camelbak
bandit_exolight_outfit_name,Looted Exosuit
st_wpn_pb_bas,PB
st_wpn_type63,Type 63
st_af_ball_name,Ball
st_hide_controller_name,Controller Scalp
banditmerc_outfit_name,Fenced LC Suit
st_data_export_stash_item,Item
st_wpn_fal_sa58_osw,SA-58 OSW
st_axe,Hunting Axe
st_wpn_rapide,Kimber Rapide .45 ACP
st_prt_w_p_spring_2,9mm Recoil Spring Assembly [Russian] (Spring)
st_af_dummy_glassbeads_name,Mama's Beads
st_prt_o_retardant_15,Activated Carbon Cloth (ACC) Fabrics
st_af_grid_name,Titanium Grid
st_prt_o_retardant_2,Layered Chemical/Shock Retardant Fabrics
st_data_export_stash_type_rare,Rare
st_wpn_grach,MP-443 Grach
army_nosorog_outfit_name,Military Stalker Nosorog
st_wpn_toz34,TOZ-34
stalker_bear_outfit_name,"Bear" Stalker Suit
st_gamma_recipe_basic_2,Electronics Handbook Vol. 1
st_wpn_sr1mp_new,Serdyukov SR-1MP Gyurza 9x21 pistol
trenchcoat_brown_outfit_name,Heavy Brown Overcoat
ammo-9x19-ap,9x19 mm AP rounds
st_sharpening_stones,Sharpening Stone Set
l05_bar,Rostok
st_prt_o_ballistic_10,Grade-A Polyethylene Plates w/ Expanded Carrier
st_af_camelbak_up_name,Improved Camelbak
ammo-7.62x51_ap,7.62x51 mm NATO AP rounds
trenchcoat_green_outfit_name,Heavy Green Overcoat
st_tushonka,Beef Tushonka
st_data_export_used_in_cooking,Used in cooking
st_wpn_raptr,RAPTR
st_drug_antidot,Antidote
st_wpn_tt33_custom,ŇŇ-33 7.62x25 ŇŇ
st_helm_resp,Respirator
st_knife_6x4,6h4 Bayonet
ui_inv_satiety,%c[0,255,255,255]Satiety:
merc_outfit_name,Mercenary LC Suit
st_wpn_ppsh41,PPSh-41
greh_exo_outfit_name,Vyraj Power Armor
st_prt_w_p_barrel_3,.45 Barrel (Barrel)
st_salicidic_acid,Metamizole Ampoule
st_monolith_prayer_3_of_3_name,Monolith Prayer (Part 3 of 3)
ammo-338-lapua,.338 Lapua Magnum rounds
mutant_boar_chop,Boar Chop
st_wpn_scar_siber_black,FN SCAR-H "Black"
isg_lcs_urban_outfit_name,UNISG LC-UC Suit
st_wpn_ak74_isg,RD 5.45 Custom "ISG"
st_trigger_components_2,Double-mode Hammer Type Trigger (Trigger)
st_prt_o_support_1,Exoskeleton Frame
ui_inv_wrange,%c[pda_white]Max Range:
st_af_lighthouse_name,Beacon
st_chocolate,Chocolate
st_wpn_rpk74_16,RPK-16 LMG
st_antirad_kalium,Potassium Iodide
st_bolt_11,Supercharger with Hammer from a Double-barrel Shotgun [R] (Bolt)
st_wpn_vityaznew,PP-19-01 Vityaz
st_bolt_7,Rotating Locking Head [4 Locks] [AS] (Bolt)
specops_merc_outfit_name,Mercenary B-5M Armored Suit
mutant_krovosos_meat,Bloodsucker Meat
st_wpn_sig220_n_u2p2g0r,SIG P220 "Stalker"
st_rebirth,Axyltallisal "The Rebirth"
specops_dolg_outfit_name,PS5-B Battle Armor
st_wpn_mp412,MP-412 Rex
st_bolt_5,Rotating Locking Head [3 Locks] [V] (Bolt)
st_af_sun_name,Sun
st_helm_hardhat,Surplus Steel Helmet
specops_outfit_name,Berill-5M Armored Suit
st_wpn_ak74u_isg,RD Quickhatch 5.45 "ISG"
st_wpn_ump45_custom,UMP45
#2,#2
st_tea,Beard's Tea
exo_outfit_name,Exoskeleton
st_drug_coagulant,Vinca
st_wpn_ks23_kaban,KS-23M Drozd
ammo-12x76-dart,12x76 AP slugs
st_e_syringe,Syringe
st_prt_w_p_trigger_3,Double-action (DA/SA) Trigger Mechanism (Trigger)
st_prt_o_ballistic_6,Kevlar AP Plates w/ Reinforced Titanium Composite
bandit_novice_alt_outfit_name,Armored Leather Jacket
st_ied_rpg,IED (OG-7V Warhead)
dolg,Duty
dolg_specops_red_outfit_name,PS5-B2 Veteran Battlesuit
st_upgr_o_magical,Suit Environmental Protection Upgrade Kit
st_wpn_mk47,CMMG Mk47 Mutant
st_drug_anabiotic,Anabiotics
st_af_medusa_name,Jellyfish
mutant_tusk_boar,Boar Fang
ghillie_outfit_name,Ghillie Suit
st_wpn_ak103,AK-103
st_gas_tube_10,Ejector from Over-under Double-barrel Shotgun [R] (Gas Tube)
st_ground_coffee,Ground Coffee
military_monolit_outfit_name,Monolith Skat-9 Armored Suit
st_wpn_pp2000_oper,PP-2000 "Operator"
st_data_export_jump_height,Jump height
st_powder_mag,Large Rifle Propellant
st_wpn_groza_guns_nimble,OTs-14 Groza "Storm"
st_salmon,Smoked Salmon
st_itm_sleepbag_name,Sleeping Bag (Full)
st_equ_milpack_name,Combat Backpack
st_data_export_stash_map,Map
st_itm_mapkit_5,Anomaly Map (Truck Cemetery)
st_data_export_post_heal_head,Post-Heal Head
st_compression_bag,Sleeping Bag (Empty)
st_wpn_pl15_upgr,Upgraded Lebedev PL-15 9x19 pistol
st_guitar_name,Guitar
st_detector2,Bear Detector
l11_hospital,Deserted Hospital
l06_rostok,Wild Territory
st_ui_number_of_uses,Uses
st_wpn_walther_p99_mod9,Walther P99 Custom
st_af_skull_miser_name,Miser's Skull
bandit_nbc_outfit_name,Load-bearing 'Sunset' Tactical Suit
light_isg_outfit_name,UNISG IBAz Suit
st_barrel_1,18.5mm Barrel [R] (Barrel)
exo_dolg_wood_outfit_name,PSZ-10l Forest Battlesuit
st_gamma_recipe_advanced_1,Survival Guide Vol. 2
ui_inv_outfit_fire_wound_protection,%c[0,255,255,255]Ballistic Res:
svoboda_heavy_outfit_name,Guardian of Freedom
st_wpn_remington870,Remington 870
ui_mcm_menu_exo,Powered Exos
st_medkit_army,Army Medkit
st_grenade_rgd5,RGD-5 Grenade
freedom_nosorog_outfit_name,Champion of Freedom
st_prt_o_retardant_20,Insulating Fiberglass "Satin Weave" Fabrics
st_knife_combat,M9 Bayonet
st_af_ah_e2,Souvenir
st_wpn_mk14,Mk 14 EBR
st_af_vaselisk_name,Basilisk
st_wpn_sv98_custom,SV98
st_af_chelust_name,Chain
st_swiss,Swiss Knife
st_wpn_akms,AKMS
st_wpn_bm16_full,TOZ-66
st_cuban_cigar,Cuban Cigar
isg_exolight_outfit_name,UNISG Exosuit
st_af_aam_name,Artefact Application Module (Empty)
st_wpn_fn2000e_nimble,FN F2000 "Competitor"
isg_lcs_camo_outfit_name,UNISG LC-C Suit
st_af_black_name,Black Stone
nbc_dolg_outfit_name,PS5-Mt Suit
st_upgr_w_external,Weapon Body Upgrade Kit
light_monolit_outfit_name,Monolith IBAz Assault Suit
st_gas_tube_1,Gas Tube [K] (Gas Tube)
st_hand_watch,Wrist Watch
greh_ps5_outfit_name,Volos Flak Armor
nomad_outfit_name,"Nomad" Stalker Suit
mutant_dog_tail,Dog Tail
st_wpn_saiga12s_isg,KS-12
st_prt_w_p_barrel_4,5.7mm Barrel (Barrel)
st_wpn_aug_a1_bas,Steyr AUG A1
l01_escape,Cordon
st_wpn_fal_aus,SA-58 AUS
ammo-og-7b,OG-7V warhead
st_helm_exo_name,ExoHelmet
st_wpn_g3sg1,G3SG1
helm_ach7ex,ACH-7EX Headgear Set
st_letter_military_log_name,Communication Log / MSRC Operation / 05.04.2014 18:36:21
st_af_gimlet_name,Gimlet
nbc_freedom_outfit_name,Keeper of Freedom
mutant_controller_hand,Controller Hand
st_prt_o_retardant_16,Active Charcoal-treated Non-woven Fabrics
st_wpn_aug_9mm,Steyr AUG A3 9mm
st_wpn_car15_bd,CAR-15 "Blood Diamond"
st_prt_o_fabrics_4,Mil-Spec Textiles
ecolog_exo_outfit_name,Scientific Exoskeleton
st_prt_w_p_trigger_4,"MP412" Double-action Trigger Mechanism (Trigger)
st_cooking,Field Cooking Kit
st_memoirs_2_of_2_name,A Stalker's Journal (Part 2 of 2)
ammo-5.45x39-fmj,5.45x39 mm FMJ rounds
st_wpn_beretta_px4,Beretta Px4 Storm
st_wpn_ak105_shakal,AK-105 "Shakal"
BR5,BR5
helm_ach7,ACH-7 Headgear Set
st_itm_artefact_container_name,Artefact Container
st_cigar2,Cigarettes (Soviet)
st_recipe_drug_2,Drug Recipe #2
st_chocolate_p,Chocolate (Half-consumed)
st_prt_o_ballistic_11,Kevlar K119 Plates
st_prt_o_retardant_18,Insulating Constantan Inserts w/ Fiberglass Coating
st_af_electra_sparkler_name,Sparkler
l10_limansk,Limansk
st_af_sandstone_name,Sandstone
st_bolt_6,Rotating Locking Head [2 Locks] [Ŕ] (Bolt)
st_kit_hunt,Hunter's Kit
ui_inv_outfit_shock_protection,%c[0,255,255,255]Electrical Res:
st_wpn_ak74u_m1_isg,RD Quickhatch 7.62 "ISG"
st_wpn_mp155,MP-155
st_wpn_m249,M249 SAW
st_wpn_ithacam37_stakeout,Ithaca M37 Stakeout
st_cocaine,Cocaine
st_prt_o_ballistic_19,Carbon-fiber Layers
mutant_snork_leg,Snork Tendons
light_loner_outfit_name,Interceptor Body Armor
st_balon_gas,Gas Balloon
st_prt_o_ballistic_7,Kevlar K119 Plates w/ Polycarbonate Inserts
ammo-9x19-fmj,9x19 mm FMJ rounds
st_af_elektron_name,Electron
st_af_monolith_name,Volat Emerald
st_af_kevlar_up_name,Improved Kevlar Plates and Attachments
st_beadspread,Bed Spread
BR1,BR1
st_drug_psy_blockade,Psy-block
st_meat_boar,Boar Chops
st_af_tlf_prometheus,Prometheus
st_powder_poltergeist,'Diamond Powder'
ammo-5.56x45-ss190,5.56x45 mm HP rounds
renegade_scientific_outfit_name,Renegade SEVA Suit
st_binocular_name,Binoculars
st_wpn_pp2000n,PP-2000
st_hide_flesh_name,Flesh Hide
ammo-4.6x30-fmj,4.6x30 mm FMJ rounds
l03u_agr_underground,Agroprom Underground
st_barrel_9,5.56mm Barrel [Ŕ] (Barrel)
monolith_nbc_outfit_name,Tactical Monolith Suit
st_meat_lurker,Lurker Chops
MDR_black,Desert Tech MDR 7.62x51
mutant_dog_liver,Dog Liver
st_detector1,Echo Detector
ammo-50-bmg,.50 BMG rounds
st_prt_o_retardant_4,Grade-A RPVC Vinyl Fabrics
st_data_export_cuts_thick_skin,Cuts thick skin
dolg_scout_outfit_name,PS5-R Scout Vest
st_water_drink,Sparkling Water
freedom,Freedom
csky_heavy_outfit_name,CS-3b Body Armor
st_wpn_pl15_new,Lebedev PL-15 9x19 pistol
l09_deadcity,Dead City
st_fieldcooker,Gas Stove
st_wpn_g36new_c,G36C
st_af_plates_name,Carbon Steel Plates
st_wpn_akms_alt,AKMS
st_barrel_6,9mm Barrel-suppressor [AS/PP] (Barrel)
ui_inv_radiation,%c[0,255,255,255]Radiation:
mutant_snork_mask,Snork Mask
st_gas_tube_8,Ejector [V] (Gas Tube)
st_prt_w_p_barrel_1,9x18mm Barrel (Barrel)
l08_yantar,Yantar
st_wpn_g36new_k,G36K
st_prt_o_ballistic_20,Reinforced Carbon-fiber Layers
ui_inv_effect_time,%c[0,255,255,255]Duration:
ammo-9x19-pbp,9x19 mm HP rounds
#1,#1
st_wpn_desert_eagle,Desert Eagle
st_underwear,Old Underwear
k02_trucks_cemetery,Truck Cemetery
st_wpn_ash12,ShAK-12
st_bolt_carrier_8,Choke from Double-barrel Shotgun [R] (Carrier)
st_af_ah_r2,Mushroom
dolg_scientific_red_outfit_name,PS5-9Md Light Scientific Suit
cs_exo_outfit_name,CS-5 Exoskeleton
st_helm_tactic,Sphere-08 Helmet
st_data_export_disassemble_item,Item
st_wpn_remington700,Remington 700
st_recipe_drug_3,Drug Recipe #3
merc_scout_outfit_name,Mercenary LC-S Suit
st_prt_o_retardant_19,Insulating Fiberglass "Polyester" Fabrics
monolith_scientific_light_outfit_name,Monolith Patchwork Science Suit
st_breadold,Bread Loaf (Stale)
st_wpn_aps,APS Stechkin
st_data_export_weapon_kind_rifle,Rifle
labx8,Laboratory X8 (Outskirts)
st_itm_ammokit,Gunsmithing Tools
st_bolt_17,Drummer with Mainspring [PP] [PPSh] (Bolt)
st_data_export_first_aid_head,First-Aid head
army,Military
mutant_chimera_meat,Chimera Meat
st_wpn_1911_nsc,Colt 1911 Nightsword Custom (NSC)
st_wpn_ak74u,AKS-74UN
st_prt_o_retardant_17,Insulating Constantan Inserts
st_rank_master,Master
st_wpn_pkp_siber,PKP Pecheneg
st_data_export_thirst,Thirst
st_prt_i_transistors,Box of Transistors
st_antibio_sulfad,Sulfadimethoxine
st_wpn_ak12_custom,AK-12 "Monolith"
st_cigarettes_lucky,Cigarettes (Lucky Strike)
redline_novice_outfit_name,Redline Leather Jacket
st_af_lobster_eyes_name,Lobster Eyes
st_antibio_chlor,Chlortetracycline
st_wpn_vintorez_n1,VSS Vintorez
st_prt_o_ballistic_8,Kevlar K119 Plates w/ Carbon-fiber Inserts
st_wpn_mosin_k,Mosin Nagant
st_wpn_streetsweeper,Armsel Protecta
st_data_export_pelts_quality_min,Minimum pelts quality
light_voen_outfit_name,Military Stalker IBAz Suit
dolg_outfit_name,PS5-M Universal Protection Suit
stalker_graphite_outfit_name,"Graphite" Stalker Suit
st_prt_w_p_spring_5,7.62mm Recoil Spring Assembly (Spring)
st_af_glass_name,Firefly
st_wpn_ak74m,AK-74M
st_data_export_exchange_reward,What you get in exchange >
st_wpn_ak101_camo,AK-101
st_itm_drugkit,Drug-making Kit
st_wpn_fn2000,FN F2000
stalker,Free Stalkers
st_rank_experienced,Experienced
st_coffee_drink,UCC Cold Brew Coffee
st_equ_smilpack_name,Travel Backpack
st_flashlight_broken,Broken Flashlight
st_af_black_spray_name,Black Spray
st_wpn_hs2000,HS2000
light_dolg_outfit_name,IBAz Universal Protection Suit
bandit_scientific_dark_outfit_name,Patchwork Anomaly Suit
st_data_export_has_perk,Has perk
st_wpn_sig220_n,SIG P220
ui_inv_outfit_telepatic_protection,%c[0,255,255,255]Psychic Res:
st_wpn_vihrn,SR-3M Vikhr
st_data_export_weapon_degradation,W. Degradation
st_wpn_sr2_veresk_sr2_upkit,SR-2M Veresk "Tactical"
dolg_heavy_proto_exo_outfit_name,PSZ-9d Exoskeleton
st_cigarettes,Cigarettes (Marlboro)
st_morphine,Morphine Ampoule
st_af_surge_name,Surge Suppressor
st_letter_military_stalker_name,Military Stalker's Note
k00_marsh,Great Swamps
stalker_outfit_name,"Sunrise" Stalker Suit
monolith_exo_outfit_name,Monolith Exoskeleton
ammo_23_eco,Ecolog-23 cartridge
st_addon_scope_e0t2,EOTech XPS3-0
st_wpn_streetsweeper_aim,Armsel Protecta
st_antiemetic,Etperazine
st_wpn_glock_modern,Glock 19 "Hornet"
st_porn,Terroraiser Magazine
ui_st_community,Faction
st_wpn_val_tac,AS Val
monolith_nosorog_outfit_name,Monolith Nosorog
ammo-12.7x55-fmj,12.7x55mm STs-130 rounds
st_bolt_3,Rotating Locking Head [2 Locks] [K] (Bolt)
st_glue_e,Glue Tube "M17"
st_hide_boar_name,Boar Pelt
st_data_export_restore_radiation,Radiation restoration
st_recipe_drug_1,Drug Recipe #1
mutant_dog_meat,Dog Meat
cs_scientific_outfit_name,CS-4a SEVA Suit
st_addon_scope_razor_mag,UH-1 w/ Eotech 6x Magnifier
st_bolty,Bolt
exo_dolg_outfit_name,PSZ-10d Duty Battlesuit
ammo-11.43x23-fmj,.45 ACP FMJ rounds
mutant_zombi_hand,Zombie Hand
st_wpn_beretta_new,Beretta M9A3
exo_merc_wood_outfit_name,Mercenary Woodland Exosuit
st_beer,Beer
l07_military,Army Warehouses
st_ecologist_outfit_white_name,SSP-99 "Diamond"
l08u_brainlab,Laboratory X16 (Yantar)
st_wpn_m60,M60
st_wpn_fnp45,FNP-45
st_gamma_recipe_basic_3,Fundamentals of Guns and Armors Upgrades Vol. 1
st_wpn_ak5c_bas_5c_tik,AK 5C "ISG Special"
st_af_ear_name,Heart
stalker_predator_outfit_name,"Predator" Stalker Suit
st_barrel_3,18.5mm Barrel [K] (Barrel)
st_gamma_recipe_expert_4,The Art of Artefacts Fusion Vol. 3
st_jewelry_box,Decorated Jewellery Box
ui_inv_outfit_radiation_protection,%c[0,255,255,255]Radiation Res:
st_wpn_dvl10_m1,DVL-10 M1 Saboteur
isg_proto_exo_outfit_name,UNISG Tactical Exoskeleton
trenchcoat_freedom_brown_outfit_name,Heavy Freedom Overcoat
st_rank_expert,Expert
st_rank_rg6,RG6 squad
st_cutlery,Field Cutlery
st_sewing_kit_h,Sewing Kit (Heavy)
st_data_export_restore_health_max,Total health restoration
nbc_merc_outfit_name,Load-bearing 'Twilight' Tactical Suit
st_wpn_scar_siber_m2_custom,FN SCAR-H "Specialist Operator"
ammo-m209,M203 grenade
gamma_telepatic_cap,Psychic Cap
st_equ_smallpack_name,Camping Backpack
st_wpn_ithacam37_extmag,Ithaca M37 Defense
st_wpn_fn2000_custom,FN F2000
pripyat,Outskirts
st_prt_o_retardant_10,Polymer Sheets (Barium-sulfate Coating)
st_mre,MRE
st_af_ah_r3,Mushroom
ammo-12x76-zhekan,12x76 slug shells
st_wpn_remington700_archangel,Remington 700 "Archangel"
st_hide_lurker_name,Lurker Hide
st_prt_w_p_barrel_2,9x19mm Barrel (Barrel)
st_wpn_ak74_pmc,AK-74 "PMC"
ecolog_proto_exo_outfit_name,SSP-99M Exoskeleton
dolg_proto_exo_outfit_name,PS5-M Exoskeleton
st_bottle_metal,Vodka
st_gamma_recipe_advanced_3,Fundamentals of Guns and Armors Upgrades Vol. 2
st_ecologist_outfit_blue_name,SSP-99M "Sapphire"
st_cigar1,Cigarettes (Soviet)
bandit_novice_outfit_name,Black Leather Jacket
st_wpn_ak101,AK-101
ammo-5.7x28-ss195,5.7x28 mm SS195 rounds
zaton,Zaton
st_data_export_disassemble_result,Result
mutant_part_controller_brain_tissue,Controller Brain Tissue
st_wpn_aks,AKS-47
st_af_night_star_name,Nightstar
st_wpn_thompson_m1a1,Thompson M1A1
l10u_bunker,Laboratory X19 (Radar)
ammo_338_federal,.338 Federal
gamma_chemical_burn_cap,Chemical Cap
st_stim_impro,Improvised Stimpack
ammo-5.45x39-ep,5.45x39 mm HP rounds
st_pda_name,PDA
st_wpn_fnc,FN FNC
st_wpn_ak,AK-47
st_data_export_stash_ecos,Allowed Ecos
st_wpn_spas12_new,SPAS-12
st_af_fire_loop_name,Knot
st_gamma_recipe_basic_1,Survival Guide Vol. 1
st_prt_o_ballistic_9,Grade-B Polyethylene Plates w/ Expanded Carrier
st_af_vyvert_name,Wrenched
st_af_sponge_name,Sponge
st_itm_tent_name,Camping Tent (Full)
helm_m50,M50z Gas Mask
mutant_lurker_meat,Lurker Meat
l04u_labx18,Laboratory X18 (Dark Valley)
st_wpn_mp5_nimble,MP5A3 "Frasier"
st_cigarettes_russian,Cigarettes (Russian)
st_nuts,Mixed Nuts
BR4,BR4
st_wpn_sks,SKS
st_af_freon_name,Freon Emission Module
st_prt_w_p_spring_6,Recoil Spring Assembly (R1 DE 6") (Spring)
st_wpn_mp153,MP-153
st_wpn_toz106,TOZ-106
wastelander_outfit_name,"Wastelander" Stalker Suit
csky,Clear Sky
st_addon_scope_razor,Razor AMG UH-1 Gen. II
st_data_export_weapon_kind_explosive,Explosive
freedom_exo_vineleaf_outfit_name,Hero of Freedom
greh,Sin
st_wpn_saiga12s,Saiga-12
ammo-gauss,Batteries
st_bread,Bread Loaf
merc_exo_outfit_name,Mercenary Exoskeleton
st_prt_o_ballistic_13,Polyethylene Lightweight Armor Plates
st_af_generator_name,Generator
st_wpn_udp9,UDP-9 Carbine
st_wpn_ak74m_n,AK-74M
bandit_ps5_outfit_name,Fenced PS5-M Universal Protection Suit
st_raisins,Raisins
st_itms_campfire_name,Firewood
ammo-7.92x33_fmj,7.92x57 mm FMJ rounds
st_af_moh_name,Moss
st_memoirs_1_of_2_name,A Stalker's Journal (Part 1 of 2)
st_wpn_howa20,Howa Type 20
dolg_nosorog_outfit_name,PSZ-10d Nosorog
st_brewed_coffee,Brewed Coffee
st_shovel_old,Old Metal Shovel
st_bolt_carrier_11,Longitudinal-a Sliding Free Bolt Carrier [PP] (Carrier)
st_prt_w_p_barrel_7,.357 Barrel (Barrel)
l12_stancia_2,Chernobyl NPP (North)
st_wpn_ak5c_bas,AK 5C
st_gamma_recipe_advanced_2,Electronics Handbook Vol. 2
st_radio2,Radio (Broken)
gamma_burn_cap,Burn Cap
st_meat_snork,Cooked Snork Hand
st_af_serofim_name,Seraphim
st_itm_mapkit_2,Anomaly Map (Yantar)
st_wpn_steyr_scout,Steyr Scout 5.56
st_meat_dog,Dog Chops
st_wpn_toz106_m1,TOZ-106
st_wpn_sv98,SV98
st_exolight_repair_kit,Armor Repair Kit (Heavy Armor)
ammo-5.45x39-ap,5.45x39 mm AP rounds
exo_dolg_red_outfit_name,PSZ-10d Venator Battlesuit
st_metalcan_powder,Powder Can
st_trigger_components_6,Trigger Mechanism with Hammer [R] (Trigger)
st_data_export_first_aid_arm,First-Aid arm
st_wpn_car15,CAR-15
novice_outfit_tourist_name,Tourist’s Jacket
stalker_salamander_outfit_name,"Salamander" Stalker Suit
st_prt_o_fabrics_3,Durable Textiles
exo_wood_outfit_name,Woodland Exosuit
st_af_ah_h1,Sponge
st_wpn_bm16,TOZ-66 (Sawn-off)
zombied,Zombified
mutant_flesh_eye,Flesh Eye
st_helm_metro,"Apocalypse" Helmet
st_gas_tube_6,Gas Tube [A|V] [NATO] (Gas Tube)
st_prt_i_capacitors,Pack of Capacitors
st_monolithian_thoughts_name,Monolithian's Journal
ammo-7.62x54_7n14,7.62x54 mm 7N14 rounds
st_rank_veteran,Veteran
st_af_baloon_name,Bubble
st_wpn_toz34_obrez_decor,TOZ-34 (Sawn-off)
st_wpn_abakan_n,AN-94
st_data_export_restore_bleeding_max,Total wound healing
isg_exo_outfit_name,UNISG Exoskeleton
st_addon_scope_e0t2_mag,Eotech XPS3 w/ Eotech 3x Magnifier
st_wpn_walther_p99,Walther P99
st_wpn_glock17_m1,Glock 17 "Bruder"
st_protein,Protein Bar
st_radio,Broken Radio
st_af_oasis_heart_name,Heart of the Oasis
ui_ammo_types,Ammo:
ui_inv_recoil,%c[pda_white]Recoil Control:
ui_inv_reli,%c[pda_white]Reliability:
ui_ammo_count,%c[0,255,255,255]Mag. Size:
st_wpn_m4_ru556,Ruger SR-556
st_gamma_recipe_expert_3,Fundamentals of Guns and Armors Upgrades Vol. 3
st_synthrope,Synthetic Ropes
st_wpn_remington700_magpul_pro,Remington 700 "Magpul PRO"
monolith_exolight_outfit_name,Monolith Exosuit
st_wpn_pmm_bas,Makarov PMM
st_wpn_admin,CAR-15 "Administrator"
ui_inv_handling,%c[0,255,255,255]Handling:
st_data_export_single_handed,Single-handed
l10_radar,Radar
st_wpn_xm8,XM8
ui_inv_rate_of_fire,%c[0,255,255,255]Fire Rate:
st_wpn_wa2000,Walther WA 2000
st_wpn_vsk94,VSK-94
st_wpn_vintorez_m2,VSS Vintorez "Venal"
st_drug_radioprotector,Radioprotectant
st_itm_mapkit_3,Anomaly Map (Red Forest)
st_wpn_vintorez_m1,VSS Vintorez "Savant"
st_af_dummy_dummy_name,Shell
st_hide_psysucker_name,Psysucker Skin
st_wpn_usp_tac,USP Match "Overwatch"
ammo_23x75_barrikada,"Barrikada" 23x75mm
st_af_surge_up_name,Improved Surge Regenerator
st_wpn_mk23,HK MK23
st_wpn_sig220_n_upg220,SIG P220 "XXX"
st_wpn_tt33_custom_upgr,Mangun's ŇŇ-33 7.62x25 ŇŇ
st_wpn_m4a1_siber,M4A1
st_cigar3,Camel Yellow cigarettes
st_wpn_toz34_mark4,TOZ-34 "Bison"
st_bolt_carrier_2,Sliding Bolt Carrier with Turning Bolt Lock [R] (Carrier)
st_wpn_toz34_decor,TOZ-34
st_wpn_toz34_custom,TOZ-34
st_wpn_svu_nimble,OTs-03A SVU-A
st_stalker_letter_2_of_2_name,Memoir (Part 2 of 2)
st_wpn_g36nimble_rwap,G36C "Merc"
st_leatherman_tool,Multitool
st_af_cristall_name,Crystal
st_wpn_svt40_modern,SVT-40
st_wpn_svt40,SVT-40
st_wpn_sr1mp_las,Serdyukov SR-1MP Gyurza 9x21 pistol
st_wpn_sr1mp_upgr,Upgraded SR-1MP Gyurza 9x21 pistol
st_wpn_sks_tac,SKS Tactical
st_wpn_sks_modern,SKS
st_mine_name,PFM-1 Scatterable Anti-personnel Mine
st_wpn_scar_siber_m1_black,FN SCAR-H "Tactical Black"
ui_st_rank,Rank
st_wpn_scar_siber_m1,FN SCAR-H "Tactical"
st_data_export_eat_alcohol,Alcohol
st_rank_gauss,Gauss squad
st_wpn_rpk74,RPK-74
st_barrel_10,7.62mm Barrel [P] (Barrel)
ammo-9x18-fmj,9x18 mm FMJ rounds
st_wpn_remington700_mod_x_gen3,Remington 700 "MOD X Gen.3"
st_data_export_falloff,Falloff
l12u_control_monolith,Monolith Control Center
st_itm_backpack_name,Backpack
lttz_ll_wpn_gauss_quest_name,"Item ą62"
st_sausage,Smoked Sausage
st_bolt_carrier_4,Sliding Bolt Carrier with a Locking Bias (Carrier)
bandit_exo_outfit_name,Stolen Exoskeleton
st_wpn_p90,FN P90
st_wpn_aug_a3_custom_bas,Steyr AUG A3 Commando
st_ecologist_report_2_of_3_name,Walking Dead Findings Field Report 39B rev. 2 (Part 2 of 3)
st_hide_pseudogiant_name,Pseudogiant Hide
st_wpn_pm_bas_custom,Makarov PM Custom
st_wpn_pm_bas_actor,Makarov PM "Mythic"
st_af_fireball_name,Fireball
st_medkit,AI-2 Medkit
st_wpn_umirotvoritel,Unidentified Weapon
st_wpn_pm_bas,Makarov PM
helm_ranger,GP-10z Ranger Gas Mask
st_wpn_pkm_zenit_siber,PKM "Zenit"
st_wpn_ithacam37,Ithaca M37 Riot
st_wpn_amb17,AMB-17
st_wpn_rpk,RPK
st_wpn_mp133,MP-133
jupiter,Jupiter
st_wpn_m82,Barrett M82
st_wpn_m79,M79
st_af_bracelet_name,Bracelet
st_wpn_m4,M4
st_wpn_m24_new,M24 SWS
st_mint,Altoids
st_wpn_toz194,TOZ-194
st_wpn_m16a2,M16A2
st_wpn_m16,M16A4
st_wpn_vintorez_isg,RD-939
st_wpn_pb_new,Silenced Pistol PB 9x18
st_wpn_guns_groza,OC-14 Groza
st_wpn_l85_m1,L85A2
st_wpn_ks23_kaban_kab_up,KS-23M Drozd "Boar"
st_wpn_g43,Gewehr 43
mutant_psevdodog_tail,Pseudodog Tail
merc_nighthunter_outfit_name,Mercenary STS-N Body Armor
exo_dolg_urban_outfit_name,PSZ-10g Urban Battlesuit
st_wpn_korth,Korth Custom 4
military_exo_outfit_name,Military Stalker Exoskeleton
st_wpn_hk417,HK417
st_wpn_hk416,HK416
st_wpn_glock17,Glock 17
st_wpn_ks23_ecolog,KS-23 Eco
st_af_fire_name,Flame
st_wpn_svu_alt,OTs-03 SVU
dolg_voin_outfit_name,PS6-V Warrior Suit
st_wpn_fort500,Fort-500
st_wpn_fn2000_camo,FN F2000
st_wpn_famas3,FAMAS F1
st_af_dummy_battery_name,Battery
st_wpn_vz61,Skorpion vz.68
st_rank_trainee,Trainee
MDR,Desert Tech MDR 5.56x45
csky_light_novice_outfit_name,CS-1 Body Armor
~,~
svoboda_novice_outfit_name,Freedom Leather Jacket
ammo-7.62x51_fmj,7.62x51 mm NATO ball rounds
st_wpn_bm16_full_alt,TOZ-66
st_af_full_empty_name,Full Empty
st_upgr_cost,Cost
st_knifebf4,OTs-4 Combat Knife
st_wpn_bm16_alt,TOZ-66 (Sawn-off)
st_wpn_aug_a3_bas,Steyr AUG A3
st_prt_o_ballistic_14,Polyethylene Armor Plates (Improvised)
st_af_grapes_name,Grapes
st_itm_mapkit_9,Anomaly Map (Agroprom)
csky_light_outfit_name,CS-2a Body Armor
exolight_outfit_name,Exosuit
ammo-9x18-ap,9x18 mm AP rounds
st_rope,Rope
dolg_scientific_outfit_name,PS5-9Md Universal Scientific Suit
st_wpn_shak12,ShAK-12
st_joint,Cannabis Joint
st_af_soul_name,Soul
st_wpn_aps_bas_apsabigo,APS Stechkin
st_wpn_aps_bas,APS Stechkin
st_wpn_am17,AM-17
st_wpn_akms_bas,AKMS
st_broken_detector,Broken Detector
st_wpn_akm_bas,AKM
st_wpn_pkm_siber,PKM
st_wpn_akm,AKM
svoboda_light_outfit_name,Wind of Freedom
st_wpn_ak74_n,AK-74
mutant_lurker_tail,Lurker Tail
st_wpn_ak5c_isg,AK 5C "ISG"
ammo-7.62x25-ps,7.62x25 mm Pst rounds
st_wpn_ak74u_tac,AKS-74U "Tactician"
st_af_grid_up_name,Improved Titanium Grid
st_wpn_ak103_camo,AK-103
st_af_electra_moonlight_name,Moonlight
hunter_gar_trader_name,Butcher
yan_st_sakharov_name,Professor Sakharov
st_wpn_sig226,SIG P226R
st_af_ring_name,Ring
st_data_export_pelts_quality_max,Maximum pelts quality
st_data_export_light_attack_power,Light Attack Power
st_wpn_m45a1,Colt M45A1 .45 ACP
ui_inv_outfit_speed,%c[pda_white]Movespeed:
renegade_exo_outfit_name,Renegade Exoskeleton
st_data_export_outfit_artefact_count_max,Maximum belt slots
ui_inv_outfit_artefact_count,%c[0,255,255,255]Belt Slots:
st_barrel_8,5.45mm Barrel [Ŕ] (Barrel)
ui_inv_ap_res,%c[pda_white]BR Class:
ui_mm_repair,Repair
st_barrel_7,7.62mm Barrel [A|V] (Barrel)
st_mutant_part_crow_beak,Mutated Crow Beak
st_af_aac_name,Artefact Application Container (Empty)
st_prop_restore_health,Health restoration
st_tomahawk,Gerber Tomahawk
gamma_explosion_cap,Explosion Cap
st_wpn_toz34_obrez,TOZ-34 (Sawn-off)
st_knife_hunting,Hunting Knife
merc_scientific_outfit_name,Mercenary SEVA Suit
st_wpn_sr2_veresk,SR-2M Veresk
st_af_ah_r1,Mushroom
st_helm_rp_bala,Balaclava
st_wpn_fn57,FN Five-seveN
st_mirror,Telescopic Mirror
st_data_export_first_aid_leg,First-Aid leg
st_batteries,Battery Pack
st_meinkampf,Mein Kampf
st_wpn_mp5sd,MP5SD6
st_helm_bandana,Bandana
st_wpn_ithacam37_trench,Ithaca M37 Trenchgun
merc_jackal_outfit_name,Mercenary LTS-J Body Suit
dolg_heavy_redline_outfit_name,PSZ-9kl Command Armor
st_upgr_o_utility,Suit Utility Upgrade Kit
st_grenade_thermite,Thermite Grenade
st_wpn_ak105_swamp,AK-105 "Swamp Thing"
st_wpn_rpg7,RPG-7
st_prt_w_p_spring_3,.45 Recoil Spring Assembly (Spring)
st_data_export_weapon_kind_unknown,Unknown
st_wpn_sks_molot,SKS Molot
ui_inv_outfit_power_restore,%c[0,255,255,255]Stamina Recovery:
st_wpn_ump45,UMP45
st_grenade_f1,F1 Grenade
st_wpn_akm_alfa,AK Alfa
st_data_export_weapon_kind_pistol,Pistol
st_data_export_weapon_kind_smg,SMG
st_survival_kit,Survival Kit
st_prt_i_wood,Wooden Parts
st_rank_legend,Legend
st_rank_any,Any
mutant_chimera_claw,Chimera Claw
st_rank_professional,Professional
st_gas_tube_5,Gas Tube [A|V] [R] (Gas Tube)
st_wpn_fal,FN FAL
st_wpn_ks23,KS-23
st_af_ah_h2,Sponge
st_rank_blackops,Blackops squad
st_prt_o_retardant_12,Aluminized Fiberglass Fabrics
st_vodka_quality,Vodka (Stolichnaya)
st_ui_dbg_spawn_type,Item Type
st_steel_wool,Steel Wool
st_shovel_mili,Old Field Shovel
st_wpn_winchester1873,Winchester Model 1873
l13u_warlab,Monolith War Lab
st_data_export_power_restore_max,Total stamina recovery
st_data_export_unknown,Unknown
csky_medium_outfit_name,CS-3a Body Armor
stalker_tigerstripe_outfit_name,"Tigerstripe" Stalker Suit
renegade,Renegade
monolith,Monolith
killer,Mercenary
isg,UNISG
st_beans,Baked Beans
st_sleepingpills,Sleeping Pills
st_detector8,Anomalous Measurement Device
st_prt_o_ballistic_15,Carbon Nanotube Layers w/ Kevlar-49 Fabrics
monolith_trenchcoat_outfit_name,Monolith Overcoat
st_monolith_prayer_2_of_3_name,Monolith Prayer (Part 2 of 3)
st_monolith_prayer_1_of_3_name,Monolith Prayer (Part 1 of 3)
st_wpn_mp5,MP5A3
st_stim_scientic,Scientific Stimpack
st_barrel_5,7.92mm Barrel [V] (Barrel)
st_roubles,Roubles
st_gamma_recipe_expert_2,Electronics Handbook Vol. 3
ammo-11.43x23-hydro,.45 ACP Hydra-shock HP rounds
st_letter_mercenary_name,Mercenary's Note
exo_merc_grass_outfit_name,Mercenary Grassland Exosuit
st_knife_needle,NR-40 Scout Knife
st_prt_o_ballistic_1,Kevlar K129 Plates w/ Reinforced Ceramic Inserts
dolg_scientific_wood_outfit_name,PS5-9Md Light Pathfinder
st_wpn_l85_m2,L85A2
st_marijuana,Marijuana
st_af_star_phantom_name,Phantom Star
st_adrenalin,Epinephrine Shot
st_detector9,RF Receiver
st_af_kogot_name,Claw
st_bolt_carrier_9,Choke from Double-barrel Shotgun [R] (Carrier)
cs_nbc_outfit_name,CS-2t Suit
isg_merc_outfit_name,UNISG Mk2 Tactical Body Armor
l12_stancia,Chernobyl NPP (South)
st_barrel_12,7.62mm Barrel [PP] (Barrel)
bandit_scientific_outfit_name,Looted SEVA Suit
bandit_sun_outfit_name,"Sunset" Tactical Suit
st_af_fountain_name,Fountain
st_prop_restore_bleeding,Wound healing
st_walkie,Broken Walkie Talkie
st_wpn_svu,OTs-03 SVU
st_data_export_used_in_crafting,Used in crafting
st_data_export_projectiles,Projectiles
st_bolt_12,Hammers from a Hammer-type Double-barrel Shotgun [R] (Bolt)
st_wpn_aug_thales,Thales EF88
st_prt_i_textolite,Textolite Base
st_data_export_stash_type_common,Common
BR2,BR2
ammo-9x39-pab9,9x39 mm SP-5 rounds
mutant_psysucker_hand,Psysucker Hand
st_prt_i_scrap,Metallic Scrap
ui_inv_outfit_burn_protection,%c[0,255,255,255]Burn Res:
ammo-5.56x45-ap,5.56x45 mm AP rounds
st_af_atom_name,Atom
st_wpn_saiga12s_m1,Saiga-12
st_bandage,Bandage
st_trigger_components_5,Double-fire Mode Trigger Mechanism with Firing Pin (Trigger)
st_trigger_components_3,Triple-fire Hammer Type Trigger (Trigger)
mutant_snork_hand,Snork Hand
st_af_itcher_name,Itcher
st_device_torch_name,Headlamp
st_addon_scope_mag,Eotech Magnifier
st_af_black_angel_name,Black Angel
st_wpn_rg6,RG-6 Grenade Launcher
ammo-7.62x54-7n1,7.62x54 mm 7N1 rounds
st_af_bat_name,Bat
isg_lcs_outfit_name,UNISG LC Suit
st_gun_oil_ru,Gun Oil "Rusak"
ammo-7.62x39_fmj,7.62x39 mm FMJ rounds
st_wpn_lar_grizzly,L.A.R. Grizzly Win Mag .357
isg_nosorog_outfit_name,UNISG Nosorog
travel_outfit_name,"Voyager" Stalker Suit
st_helm_respirator_gp5,GP-5 Gas Mask
st_boots,Old Leather Boots
st_helm_cloth_mask,Cloth Mask
st_wpn_fort17,Fort-17
st_tomato,Canned Tomatoes
st_bolt_carrier_1,Sliding Bolt Carrier with Turning Bolt Lock [R] (Carrier)
st_wpn_k98,Karabiner 98k
st_chili,Chili Beans
ammo-9x18-pmm,9x18 mm HP rounds
st_wpn_m98b,Barrett M98B
cs_stalker_proto_exo_outfit_name,CS-2b Exoskeleton
st_data_export_weapon_kind_shotgun,Shotgun
st_wpn_val,AS Val
military_outfit_name,Skat-9 Armored Suit
ammo-12x70-buck_self,Home-made 12x70 shot shells
st_bolt_14,Rotating Locking Head [Ŕ/PP] (Bolt)
cs_exolight_outfit_name,CS-5 Exosuit
st_wpn_rpd,RPD
st_af_zhelch_name,Scar
st_af_tlf_lost_soul,Lost Soul
st_wpn_pb_bas_custom,PB
mutant_cat_tail,Cat Tail
st_helm_m40,M40 Gas Mask
y04_pole,Meadow
st_energy_drink,Energy Drink
st_pda_3_name,PDA v3.1 with KilTrak™
st_data_export_limb_duration,Limb duration
#4,#4
merc_combat_scientific_outfit_name,Mercenary Pathfinder
st_grooming,Grooming Kit
st_meat_chimera,Chimera Goulash
st_wpn_ks23_23_up,KS-23 Shortie
st_data_export_post_heal_leg,Post-Heal Leg
bandit,Bandit
st_hide_bloodsucker_name,Bloodsucker Skin
mutant_chimera_cogot,Chimera Horn
dolg_novice_outfit_name,Duty Leather Jacket
st_ecologist_report_3_of_3_name,Walking Dead Findings Field Report 39B rev. 2 (part 3 of 3)
military_sky_outfit_name,CS-4b Armored Suit
ammo_9x21_sp10,9x21 mm SP10
st_pda_1_name,PDA
st_upgr_o_physical,Suit Armor Upgrade Kit
mutant_cat_claw,Cat Claw
st_hand_rolling_tobacco,Hand-rolling Tobacco
mutant_boar_leg,Boar Leg
svoboda_exolight_outfit_name,Warrior of Freedom
mutant_cat_thyroid,Cat Thyroid
st_wpn_ppsh41_camo,PPSh-41
st_af_ah_f1,Talking Stone
st_gamma_recipe_basic_4,The Art of Artefacts Fusion Vol. 1
hybrid_outfit_name,Hybrid Armored Suit
st_wpn_aug_a1_custom_bas,Steyr AUG A1
st_wpn_svds_pmc,SVDS "Retribution"
ammo-7.62x25-p,7.62x25 mm LRNPC rounds
st_medkit_science,Scientific Medkit
st_prt_o_ballistic_3,Kevlar K129 Plates w/ Polycarbonate Composite
army_outfit_name,Military Service Outfit
st_gas_tube_4,Gas Tube [AS/PP] (Gas Tube)
st_exo_repair_kit,Armor Repair Kit (Exoskeleton)
st_wpn_g36new,G36
st_gas_tube_9,Ejector from Over-under Double-barrel Shotgun [R] (Gas Tube)
st_welding_goggles,Welding Goggles
st_helm_respirator,Refitted PBF Gas Mask Kit
ammo-12x70-buck,12x70 buckshot shells
st_bolt_carrier_7,Lever-type Bolt Carrier with Locking Wedge (Carrier)
ace_outfit_name,Mercenary ACE Scientific Suit
greh_armored_outfit_name,Irij Flak Armor
l11_pripyat,Pripyat
st_af_ah_r4,Mushroom
st_geiger_dead,Geiger Counter
st_prt_o_retardant_13,PBI-blended Fabrics
ammo_23x75_shrapnel,"Shrapnel-25" 23x75mm
pda_encyclopedia_name,Name
st_af_pin_name,Pin
st_af_signet_name,Signet
st_af_ice_name,Snowflake
st_wpn_cz75,CZ-75
greh_armored_camo_outfit_name,Vyriy Flak Armor
st_wpn_toz34_obrez_custom,TOZ-34 (Sawn-off)
st_mineral_water,Mineral Water
ammo_vog_30,VOG-30 Grenade
st_af_kevlar_name,Kevlar Plates and Attachments
military_merc_outfit_name,Mercenary Skat-9 Armored Suit
st_wpn_aug_a1,Steyr AUG A1
st_wpn_aug_a3,Steyr AUG A3
st_stim_military,Military Stimpack
st_data_export_ammo_box_size,Box size
st_data_export_post_heal_arm,Post-Heal Arm
st_yadylin,Yadulin
st_prt_o_ballistic_2,Kevlar Protera Plates w/ Reinforced Ceramic Inserts
st_af_ah_o2,Magnet
cs_stalker_outfit_name,CS-2b Body Armor
st_wpn_kriss,KRISS Vector
st_hide_burer_name,Burer Skin
BR3,BR3
ui_inv_accuracy,%c[0,255,255,255]Accuracy:
ecolog,Ecologist
st_glucose_s,Glucose Shot
st_ecologist_outfit_orange_name,SSP-99 Bodysuit
st_af_gold_fish_name,Goldfish
ammo_20x70_buck,20x70 buckshot round
military_freedom_outfit_name,Liberated Skat-9 Armored Suit
mutant_brain_burer,Burer Brain
dolg_exolight_outfit_name,PSZ-10d Duty Battlesuit
ui_inv_bspeed,%c[pda_white]Muzzle Velocity:
helm_ppm88,PPM-88 Gas Mask
st_data_export_eat_health_change,Health change
merc_exolight_outfit_name,Mercenary Exosuit
merc_fighter_outfit_name,Mercenary LC-F Suit
merc_sunset_outfit_name,Mercenary LCz Suit
st_wpn_9a91,9A-91
st_vodka,Vodka (Nemiroff)
military_bandit_outfit_name,Looted Skat-9 Armored Suit
st_wpn_gauss_bas,Gauss Rifle
st_wpn_ithacam37_sawnoff,Ithaca M37 (Sawn-off)
st_powder_rifle,Small Rifle Propellant
military_exolight_outfit_name,Military Stalker Exosuit
st_bolt_4,Rotating Locking Head [2 Locks] [V] (Bolt)
ammo-9x39-ap,9x39 mm SP-6 rounds
st_prop_weight,Weight
military_proto_exo_outfit_name,Skat-9 Exoskeleton
isg_outfit_name,UNISG Mk1 Tactical Body Armor
st_af_cooler_up_name,Improved Body Cooler
st_ecologist_outfit_red_name,SSP-99Ě "Ruby"
nbc_outfit_name,Tactical Stalker Suit
st_porn2,Atmosfear Magazine
st_wpn_g3,G3A3
st_wpn_saiga12s_m2,Saiga-12 Tactical
st_gloves,Old Leather Gloves
st_af_repei_name,Thistle
st_gamma_recipe_advanced_4,The Art of Artefacts Fusion Vol. 2
st_vodka2,Vodka (Putinka)
st_af_eye_name,Eye
st_ied,IED (Chemical)
st_prt_o_ballistic_18,Reinforced Polyethylene Fiber Layers
st_wpn_mp9,Brugger & Thomet MP9
st_helm_protective,SSP-99 Screen Helmet
st_wpn_ak104_alfa,AK-104 "Alpha"
st_analgetic,Diclofenac Sodium
st_prt_o_ballistic_5,Kevlar AP Steel Plates
merc_scientific_armored_outfit_name,Mercenary SEVA Body Armor
st_wpn_ar15_freedom,AR-15 HERA
st_wpn_remington700_lapua700,Remington 700 "Deer Hunter"
ammo_12.7x55_ap,12.7x55 mm STs-130 VPS rounds
st_prt_o_fabrics_2,Synthetic Cloth Sheets
st_prt_o_retardant_11,Aluminized Layers of Retardant Fabrics
st_sewing_kit_a,Sewing Kit (Advanced)
st_prt_o_retardant_14,PBI-blended Fabrics w/ Polyester Treatment
mutant_dog_heart,Dog Heart
st_hide_psy_dog_name,Psy-dog Fur
st_af_geliy_name,Helium
st_data_export_restore_radiation_max,Total radiation restoration
ammo-357-hp,.357 HP rounds
st_wpn_sr2_m1,SR-2M Veresk
l04_darkvalley,Dark Valley
BR7,BR7
st_ecologist_outfit_grn_name,SSP-99M Bodysuit
st_prt_o_retardant_5,PVC/Rubber Coated Fabrics
st_prt_o_retardant_7,Insulating Magnesium Grid Inserts
k01_darkscape,Darkscape
st_af_ah_r5,Mushroom
st_barrel_4,7.62mm Barrel [V] (Barrel)
ammo-gauss_cardan,Home-made batteries
st_akvatab,Ibuprofen
st_af_ah_g1,Easy
st_ecologist_outfit_yello_name,SSP-99 Topaz
st_letter_stalker_letter_3_name,Letter to Nikolai
st_bolt_16,Drummer with Mainspring [PP] [NATO] (Bolt)
st_itm_mapkit_4,Anomaly Map (Dead City)
st_bolt_15,Drummer with Mainspring [PP] (Bolt)
st_bolt_8,Rotating Locking Head [6 Locks] [Ŕ] (Bolt)
st_bolt_9,Rotating Locking Head [7 Locks] [Ŕ] (Bolt)
st_wpn_sig550_custom,SIG SG 550
st_data_export_first_aid_torso,First-Aid torso
st_af_freon_up_name,Improved Freon Emission Module
st_data_export_sleepiness,Sleepiness
st_gas_tube_7,Gas Tube [P] (Gas Tube)
st_data_export_can_be_cooked,Can be cooked
st_data_export_impulse,Impulse
st_prt_o_retardant_8,Insulating Reinforced Magnesium-oxide Grid
st_wpn_oc33_new,OTs-33 "Pernach"
dolg_exo_outfit_name,PSZ-10d Exoskeleton
st_prt_w_p_barrel_5,7.62mm Barrel (Barrel)
st_matches,Firestarter Set
renegademerc_outfit_name,Renegade LC Suit
st_meat_pseudodog,Pseudodog Chops
st_af_empty_name,Empty
st_bolt_carrier_10,Sliding Bolt Carrier with Turning Bolt Lock [NATO] (Carrier)
svoboda_scientific_outfit_name,Watchman of Freedom
svoboda_exo_outfit_name,Paragon of Freedom
ecologist_guard_outfit_name,ISRIT Guard Jumpsuit
svoboda_heavy_outfit_2_name,Sentinel of Freedom
novice_outfit_name,Leather Jacket
trenchcoat_outfit_name,Overcoat
st_data_export_is_backpack,Is backpack
st_upgr_w_optical,Optical Scope Upgrade Kit
pda_encyclopedia_tier,Tier
st_wpn_adar2_15,ADAR 2-15
st_wpn_ak105,AK-105
st_glue_b,Glue Tube "Zviezda"
st_wpn_ak74,AK-74N
st_meat_flesh,Flesh Bacon
st_wpn_ak105_sp,AK-105 "Specialist"
ammo-7.62x54-r,7.62x54 mm PP rounds
st_data_export_weapon_kind_sniper,Sniper Rifle
st_solvent,Cleaning Solvent "Hoppe's No. 9"
st_meat_bloodsucker,Bloodsucker Goulash
st_wpn_colt1911_n,Colt M1911A1 .45 ACP
monolith_scientific_outfit_name,Monolith Scientific Suit
st_wpn_dvl10,DVL-10 M2 Urbana
st_wpn_steyr_scout_big,Steyr Scout 7.62
st_meat_psysucker,Psysucker Goulash
st_tobacco,Russian Tobacco
ammo-7.62x39_ap,7.62x39 mm M43 rounds
st_wpn_l85_m3,L85A2 "Tactical"
st_wpn_ace52,Galil ACE-52
st_prt_i_paper,Paper Sheets
stalker_autumn_outfit_name,"Autumn" Stalker Suit
st_data_export_from,from
st_prt_o_ballistic_16,Carbon Nanotube Layers w/ Kevlar-29 Fabrics (Reinforced)
st_wpn_aek971,AEK-971
st_bolt_13,Rotating Locking Head [2 Locks] [Ŕ] [NATO] (Bolt)
mutant_tushkano_head,Tushkano Head
st_wpn_l96a1m,AWSM
st_wpn_m4_tac,M4A1 "Protector"
st_wpn_streetsweeper_nimble,Armsel Protecta Custom
mutant_fracture_hand,Fracture Hand
st_wpn_l96a1,L96A1
st_wpn_vssk,VSSK Vykhlop
st_af_medallion_name,Medal
st_itm_mapkit_6,Anomaly Map (Jupiter)
mutant_tushkano_meat,Tushkano Meat
dolg_heavy_outfit_name,PSZ-9d Body Armor
st_helm_battle,Sphere M12 Helmet
ammo-5.7x28-ss190,5.7x28 SS190 rounds
st_wpn_scar_siber,FN SCAR-H
st_wpn_rsh12_shorty,RSh-12 Shorty 12.7x55mm
st_wpn_pm_new,Makarov PM Pistol 9x18
st_prt_i_copper,Copper Wire
st_wpn_svd,SVD
st_tactical_knife,Monolith Blade
st_barrel_2,18.5mm Barrel [R] (Barrel)
dolg_red_outfit_name,PS5-M Hunter Suit
gamma_strike_cap,Impact Cap
st_af_gravi_name,Gravi
st_prt_w_p_spring_4,9mm Recoil Spring Assembly [Western] (Spring)
st_conserva,Canned Tuna
st_trigger_components_4,Single-fire Mode Trigger Mechanism with Firing Pin (Trigger)
l12u_sarcofag,Sarcophagus
st_af_spaika_name,Spike
l10_red_forest,Red Forest
st_prt_o_retardant_6,PVC/Carbon-fiber Fabrics
st_tetanus,Fentanyl
st_equ_touristpack_name,Tourist Backpack
st_af_iam_name,Improvised Application Module (Empty)
st_armor_repair_fa,Armor Repair Kit (Emergency)
st_af_death_lamp_name,Death Lamp
st_detector3,Veles Detector
st_corn,Canned Corn
st_detector4,Svarog Detector
st_prt_o_ballistic_12,Reinforced Kevlar K119 Plates
ammo-7.62x54-ap,7.62x54 mm AP rounds
st_pda_2_name,PDA v2.0 KilTrak™
st_device_torch_nv_2_name,Headlamp w/ PN21KL Night Vision
st_device_torch_nv_3_name,Headlamp w/ Oracle Psi-stimulator
greh_trenchcoat_outfit_name,Sin Heavy Overcoat
st_lead_box_name,st_lead_box_name
st_itm_mapkit_1,Anomaly Map (Army Warehouses)
isg_scientific_outfit_name,UNISG SEVA Suit
monolith_proto_exo_outfit_name,X-18 Exoskeleton
st_itm_mapkit_7,Anomaly Map (Zaton)
st_bolt_1,Dropping-block Breech [R] (Bolt)
st_ecologist_report_1_of_3_name,Walking Dead Findings Field Report 39B rev. 2 (Part 1 of 3)
st_wpn_ppsh41_new,PPSh-41
st_caffeine,Caffeine Tablets
st_wpn_akm_isg,RD 706 "ISG"
st_stalker_letter_1_of_2_name,Memoir (Part 1 of 2)
st_ration_ukr,Ukrainian Combat Ration
specops_bandit_outfit_name,Deserter's B-5M Armored Suit
gamma_shock_cap,Electrical Cap
st_meat_tushkano,Rat Skewers
st_prt_o_fabrics_1,Cloth Sheets
